"NFKBIA"	"ROGDI"	"IL34"	"NPR2"	"DHRS3"	"MS4A2"	"MMP9"	"USP20"	"GADD45G"	"FN3KRP"	"FETUB"	"RABAC1"	"Alkbh7"	"Pipox"	"Irf5"	"P2rx1"	"APEH17"	"SSFA2"	"ABCG8"	"Cd27"	"Ptgs2"	"KIAA0141"	"Tmem87a"	"MYCBPAP"
"BOR0614"	"ab"	"aa"	"aa"	"aa"	"aa"	"aa"	"aa"	"aa"	"aa"	"ab"	"ab"	"aa"	"bb"	"aa"	"aa"	"aa"	"aa"	"aa"	"ab"	"aa"	"aa"	"aa"	"aa"	"aa"
"BOR1070"	"aa"	"aa"	"aa"	"aa"	"aa"	"aa"	"ab"	"ab"	"aa"	"aa"	"ab"	"ab"	"bb"	"aa"	"aa"	"aa"	"aa"	"aa"	"ab"	"aa"	"aa"	"aa"	"aa"	"aa"
"BOR1071"	"aa"	"aa"	"ab"	"ab"	"aa"	"aa"	"ab"	"aa"	"aa"	"aa"	"ab"	"ab"	"bb"	"aa"	"aa"	"aa"	"aa"	"aa"	"ab"	"aa"	"aa"	"aa"	"aa"	"aa"
"BOR1074"	"aa"	"aa"	"aa"	"bb"	"aa"	"aa"	"aa"	"ab"	"aa"	"aa"	"ab"	"aa"	"bb"	"aa"	"aa"	"aa"	"aa"	"aa"	"ab"	"aa"	"aa"	"aa"	"ab"	"aa"
"BOR1075"	"ab"	"aa"	"aa"	"aa"	"aa"	"aa"	"ab"	"aa"	"aa"	"ab"	"ab"	"ab"	"bb"	"aa"	"aa"	"aa"	"aa"	"aa"	"aa"	"aa"	"aa"	"aa"	"aa"	"aa"
"BOR1077"	"ab"	"aa"	"aa"	"ab"	"aa"	"aa"	"aa"	"aa"	"aa"	"aa"	"ab"	"aa"	"bb"	"aa"	"aa"	"aa"	"aa"	"aa"	"ab"	"aa"	"aa"	"aa"	"ab"	"aa"
"BOR1079"	"ab"	"aa"	"aa"	"aa"	"aa"	"aa"	"aa"	"aa"	"aa"	"aa"	"ab"	"aa"	"bb"	"aa"	"aa"	"aa"	"aa"	"aa"	"aa"	"aa"	"aa"	"aa"	"ab"	"aa"
"BOR1080"	"ae"	"aa"	"aa"	"aa"	"aa"	"aa"	"aa"	"aa"	"aa"	"ab"	"ab"	"aa"	"bb"	"aa"	"aa"	"aa"	"aa"	"aa"	"ac"	"aa"	"aa"	"aa"	"bb"	"aa"
"BOR1086"	"bb"	"aa"	"ab"	"ab"	"aa"	"aa"	"ab"	"ab"	"aa"	"bb"	"ab"	"aa"	"bb"	"aa"	"aa"	"aa"	"aa"	"aa"	"ac"	"aa"	"aa"	"aa"	"ab"	"aa"
"BOR1088"	"ab"	"aa"	"ab"	"aa"	"aa"	"aa"	"aa"	"ab"	"aa"	"bb"	"ab"	"aa"	"bb"	"aa"	"aa"	"aa"	"aa"	"aa"	"aa"	"aa"	"aa"	"aa"	"ab"	"aa"
"BOR1090"	"ab"	"aa"	"ab"	"aa"	"aa"	"aa"	"ab"	"aa"	"aa"	"bb"	"ab"	"aa"	"bb"	"aa"	"aa"	"aa"	"aa"	"aa"	"bc"	"aa"	"aa"	"aa"	"aa"	"aa"
"BOR1091"	"bb"	"aa"	"ad"	"ab"	"aa"	"aa"	"ab"	"aa"	"aa"	"ab"	"ab"	"aa"	"bb"	"aa"	"aa"	"aa"	"aa"	"aa"	"ab"	"aa"	"aa"	"aa"	"ab"	"aa"
"BOR1097"	"bb"	"aa"	"ab"	"ab"	"aa"	"aa"	"ab"	"aa"	"aa"	"bb"	"ab"	"aa"	"bb"	"aa"	"aa"	"aa"	"aa"	"aa"	"aa"	"aa"	"aa"	"aa"	"aa"	"aa"
"BOR1125"	"ab"	"aa"	"aa"	"ab"	"aa"	"aa"	"aa"	"aa"	"aa"	"ab"	"ab"	"aa"	"bb"	"aa"	"aa"	"aa"	"aa"	"aa"	"bc"	"aa"	"aa"	"aa"	"ab"	"aa"
"BOR1139"	"ab"	"aa"	"aa"	"ab"	"aa"	"aa"	"aa"	"aa"	"aa"	"aa"	"ab"	"aa"	"bb"	"aa"	"aa"	"aa"	"aa"	"aa"	"ab"	"aa"	"aa"	"aa"	"ab"	"aa"
"BOR1144"	"cd"	"bc"	"cc"	"cc"	"bc"	"bb"	"cd"	"cc"	"bb"	"cd"	"cd"	"cd"	"aa"	"bc"	"bb"	"bc"	"bb"	"bb"	"dd"	"bc"	"bb"	"bb"	"cc"	"bc"
"BOR1147"	"ab"	"aa"	"aa"	"aa"	"aa"	"aa"	"ab"	"aa"	"aa"	"ab"	"ab"	"ab"	"bb"	"aa"	"aa"	"aa"	"aa"	"aa"	"ab"	"aa"	"aa"	"aa"	"aa"	"aa"
"BOR1149"	"ab"	"aa"	"aa"	"aa"	"aa"	"aa"	"ab"	"aa"	"aa"	"ab"	"ab"	"ab"	"bb"	"aa"	"aa"	"aa"	"aa"	"aa"	"bc"	"aa"	"aa"	"aa"	"aa"	"aa"
"BOR1155"	"aa"	"aa"	"aa"	"aa"	"aa"	"aa"	"ab"	"aa"	"aa"	"ab"	"bb"	"ab"	"bb"	"aa"	"aa"	"aa"	"aa"	"aa"	"ab"	"aa"	"aa"	"aa"	"aa"	"aa"
