>marker,length,primer_f,primer_r,gene,feature,species
nfkbia,466-506,GCCTCCAAACACACAGTCAT,TGAGGAGAGCTATGACACGG,nfkbia_gene,nfkbia_feature,Rbaluensis
chrna9,388-428,TTATCTGGGAGAGCGTGACC,TTGGGAAARGATGAACCGGC,chrna9_gene,chrna9_feature,Rbaluensis
rogdi,377-417,AGAARCCGGCTCACTACCC,GAGGCACAGCTTGTTGAGG,rogdi_gene,rogdi_feature,Rbaluensis
il34,377-417,GGTACTCAGAGTGGCCAACA,CCAGCAATGTCTGAACCTCC,il34_gene,il34_feature,Rbaluensis
npr2,408-448,TGAACTCAAACACGTACGTACT,TGGTTGAACTGRACATCTCTCA,npr2_gene,npr2_feature,Rbaluensis
dhrs3,376-416,CTCCTCAAGTCCCAGCATGT,GCACRGAATTGAGGCACACA,dhrs3_gene,dhrs3_feature,Rbaluensis
ms4a2,350-390,ACACCAGTTCCTGTCAAACA,CTYCGCTTATATGAACWACTGCA,ms4a2_gene,ms4a2_feature,Rbaluensis
mmp9,399-439,GATGATGGGAGAGAAGCAGTC,GTCTCGCGGCAAGTCTTC,mmp9_gene,mmp9_feature,Rbaluensis
usp20,383-423,AACGTGATCAATGGGCAGTG,AGGAAGGTGTGGTTGGTGAT,usp20_gene,usp20_feature,Rbaluensis
gadd45g,382-422,GACCTCCAAGTCCCAGCTG,GGATACAGTTCCGGAAAGCAC,gadd45g_gene,gadd45g_feature,Rbaluensis
fn3krp,383-423,AGATGGACATGGTGGAGAAGA,AGTGKCCATAGAAGGATGCT,fn3krp_gene,fn3krp_feature,Rbaluensis
fetub,373-413,ACAGAGAKCCCATGTCTTCC,GCCCTGCAGAACATCAACAG,fetub_gene,fetub_feature,Rbaluensis
rabac1,391-431,AATACTCCACGTTGCGWACC,CAGAAGGACCAGCAGAAGGA,rabac1_gene,rabac1_feature,Rbaluensis
alkbh7,369-409,GCTGGAGGTGGCTCTTCTG,CTGGCCTTTCCCTGTTGTCT,alkbh7_gene,alkbh7_feature,Rbaluensis
pipox,370-410,TCTGAGAAGGTTTTGGGGCA,CCCACCACATCTAYGGACTG,pipox_gene,pipox_feature,Rbaluensis
irf5,365-405,AAACCCCGAGAGAAGAAGCT,CTGGACCATGGGCTGCAA,irf5_gene,irf5_feature,Rbaluensis
p2rx1,401-441,CATTGTGCAGAGGTGAGGAC,TCTGCTTTTCCTGGAGTGCA,p2rx1_gene,p2rx1_feature,Rbaluensis
apeh17,395-435,GAAAGGATGCTGTCTTGGCC,GGGGTGGCCTTGGTTGTATA,apeh17_gene,apeh17_feature,Rbaluensis
klc2,370-410,AAAGCCCTACCTGTTTGCG,TCAGGATAAGCGCCGGGA,klc2_gene,klc2_feature,Rbaluensis
ssfa2,363-403,ACCCTCATATGACAGAGGAGG,ATTCGGACAGAGTTCCGCA,ssfa2_gene,ssfa2_feature,Rbaluensis
abcg8,370-410,TTTCCAATGACTTCCGGGAC,GGCAAAGAAATAAGGACCAGCA,abcg8_gene,abcg8_feature,Rbaluensis
apeh14,389-429,KGACACCCATGACACAGACT,CCCAGTTCTCCACACCCA,apeh14_gene,apeh14_feature,Rbaluensis
cd27,359-399,CAGGCTCRGGTTTCCGGT,TCCGGATCTTTGTGACCTTCT,cd27_gene,cd27_feature,Rbaluensis
sfrs5,422-462,TCAAGGGTTACGGACGGATC,TCATCTGCATCCCTTGGGTC,sfrs5_gene,sfrs5_feature,Rbaluensis
ptgs2,402-442,GTGTATCCYCCCACAGTCAAA,TGAGTTTGAAGTGGTAACCGC,ptgs2_gene,ptgs2_feature,Rbaluensis
fancg,427-467,CCTTTAGTTGTGACCAGGCC,GAGCATTACCTGGACCTGCT,fancg_gene,fancg_feature,Rbaluensis
rgd735029,356-396,CTTCGGAGGCATGTTCTTCC,CCTTTGCCTGGGATGYGAAG,rgd735029_gene,rgd735029_feature,Rbaluensis
tmem87a,381-421,CTGCTTGGTACTTCTCATTTTCA,TGTCAGAGGAAGATGARGAGGA,tmem87a_gene,tmem87a_feature,Rbaluensis
gabrp,397-437,TCTGCTGACCTCCACATTGA,AGCTACAGYCTCTATTTGGCCT,gabrp_gene,gabrp_feature,Rbaluensis
mycbpap,396-436,GGCAGAATCACACCTGGGA,GGTCAATAACGGCACKGTGG,mycbpap_gene,mycbpap_feature,Rbaluensis
>sample,barcode_f,barcode_r
BOR1061,GGAGAA,GGAGAA
BOR1063,CAGGAA,CAGGAA
BOR1069,ACCGAA,ACCGAA
BOR1070,CCACAA,CCACAA
BOR1071,AGGCAA,AGGCAA
BOR1074,GACCAA,GACCAA
BOR1075,GCGTAA,GCGTAA
BOR1076,CGCTAA,CGCTAA
BOR1077,CGAAGA,CGAAGA
BOR1079,GAGAGA,GAGAGA
BOR1080,TCCAGA,TCCAGA
BOR1082,AGTGGA,AGTGGA
BOR1086,GTACGA,GTACGA
BOR1088,CATCGA,CATCGA
BOR1090,TGGTGA,TGGTGA
BOR1091,GCAACA,GCAACA
BOR1097,CTGACA,CTGACA
BOR1098,AGCACA,AGCACA
BOR1101,TACGCA,TACGCA
BOR1107,GTTGCA,GTTGCA
BOR1111,TGACCA,TGACCA
BOR1113,ACTCCA,ACTCCA
BOR1115,TCGGTA,TCGGTA
BOR1125,CTCGTA,CTCGTA
BOR1127,GGTCTA,GGTCTA
BOR1129,TGGAAG,TGGAAG
BOR1131,CACAAG,CACAAG
BOR1133,GCTAAG,GCTAAG
BOR1135,TCAGAG,TCAGAG
BOR1137,ATGGAG,ATGGAG
BOR1139,TTCCAG,TTCCAG
BOR1141,ACAAGG,ACAAGG
BOR1143,CTTAGG,CTTAGG
BOR1147,TAACGG,TAACGG
BOR1149,AAGTGG,AAGTGG
BOR1151,TCTTGG,TCTTGG
BOR1155,AATGCG,AATGCG
BOR614,ATACCG,ATACCG
BOR615,GAATCG,GAATCG
BOR616,TTGTCG,TTGTCG
BOR618,GGAATG,GGAATG
BOR619,CAAGTG,CAAGTG
BOR621,TGTGTG,TGTGTG
BOR626,AACCTG,AACCTG
BOR663,GTCTTG,GTCTTG
