forward 5' -> 3';reverse 5' -> 3';locus
GCCTCCAAACACACAGTCAT;TGAGGAGAGCTATGACACGG;nfkbia
TTATCTGGGAGAGCGTGACC;TTGGGAAARGATGAACCGGC;chrna9
AGAARCCGGCTCACTACCC;GAGGCACAGCTTGTTGAGG;rogdi
GGTACTCAGAGTGGCCAACA;CCAGCAATGTCTGAACCTCC;il34
TGAACTCAAACACGTACGTACT;TGGTTGAACTGRACATCTCTCA;npr2
CTCCTCAAGTCCCAGCATGT;GCACRGAATTGAGGCACACA;dhrs3
ACACCAGTTCCTGTCAAACA;CTYCGCTTATATGAACWACTGCA;ms4a2
GATGATGGGAGAGAAGCAGTC;GTCTCGCGGCAAGTCTTC;mmp9
AACGTGATCAATGGGCAGTG;AGGAAGGTGTGGTTGGTGAT;usp20
GACCTCCAAGTCCCAGCTG;GGATACAGTTCCGGAAAGCAC;gadd45g
AGATGGACATGGTGGAGAAGA;AGTGKCCATAGAAGGATGCT;fn3krp
ACAGAGAKCCCATGTCTTCC;GCCCTGCAGAACATCAACAG;fetub
AATACTCCACGTTGCGWACC;CAGAAGGACCAGCAGAAGGA;rabac1
GCTGGAGGTGGCTCTTCTG;CTGGCCTTTCCCTGTTGTCT;alkbh7
TCTGAGAAGGTTTTGGGGCA;CCCACCACATCTAYGGACTG;pipox
AAACCCCGAGAGAAGAAGCT;CTGGACCATGGGCTGCAA;irf5
CATTGTGCAGAGGTGAGGAC;TCTGCTTTTCCTGGAGTGCA;p2rx1
GAAAGGATGCTGTCTTGGCC;GGGGTGGCCTTGGTTGTATA;apeh17
AAAGCCCTACCTGTTTGCG;TCAGGATAAGCGCCGGGA;klc2
ACCCTCATATGACAGAGGAGG;ATTCGGACAGAGTTCCGCA;ssfa2
TTTCCAATGACTTCCGGGAC;GGCAAAGAAATAAGGACCAGCA;abcg8
CAGGCTCRGGTTTCCGGT;TCCGGATCTTTGTGACCTTCT;cd27
GTGTATCCYCCCACAGTCAAA;TGAGTTTGAAGTGGTAACCGC;ptgs2
CCTTTAGTTGTGACCAGGCC;GAGCATTACCTGGACCTGCT;fancg
CTTCGGAGGCATGTTCTTCC;CCTTTGCCTGGGATGYGAAG;rgd735029
CTGCTTGGTACTTCTCATTTTCA;TGTCAGAGGAAGATGARGAGGA;tmem87a
GGCAGAATCACACCTGGGA;GGTCAATAACGGCACKGTGG;mycbpap