allele;sequence
Abcg8a;TTGCCCACCCTGTTCATCCATGGAGCAGAAGCCTGCCTGATGTCTCTCATCATTGGCTTCCTTTACTACGGCCACGCAGACAAGCCGCTCTCCTTCGTGGACATGGCAGCCCTCCTGTTCATGATAGGAGCGCTCATTCCTTTTAATGTCATTCTGGATGTCGTCTCCAAATGTGAGTGTCACCCGCCCTCCTCACCAGACATCGGGACAGTGGGACAGCCTCCCTGGGCACTGCACTGAGGCCAAGCTCTGTGCTTCCGCTGGTACCCACGGCATTACAAGAGATGCGACCTCAGTAACACTCTTCGCTCATTCACCTCCCTCTCCCCCATCTCCAGGTCACTCGGAGCGCTCGCTGCTGTACTATGAACTGGAGGACGGACTGTACAC
Abcg8b;TTGCCCACCCTGTTCATCCATGGAGCAGAAGCCTGCCTGATGTCTCTCATCATTGGCTTCCTTTACTACGGCCACGCAGACAAGCCGCTCTCCTTCGTGGACATGGCAGCCCTCCTGTTCATGATAGGAGCTCTCATTCCTTTTAATGTCATTCTGGATGTCGTCTCCAAATGTGAGTGTCACCCGCCCTCCTCACCAGACATCGGGACAGTGGGACAGCCTCCCTGGGCACTGCACTGAGGCCAAGCTCTGTGCTTCCGCTGGTACCCACGGCATTACAAGAGATGCGACCTCAGTAACACTCTTCGCTCATTCACCTCCCTCTCCCCCATCTCCAGGTCACTCGGAGCGCTCGCTGCTGTACTATGAACTGGAGGACGGACTGTACAC
Alkbh7a;GCCTTCCTGGCCCCATCCCCTCTGGGAGGGAGCGGCAAATCACTGAGATGCGTCGGCCCCGGGGGACCCGGTGAGCCCCAAAAATGATTCTTCATCTCTAAGGATCTCATGGGAGAAGTCATATCGGGCTGAACCCCTGCAAGAAAATAAAGGCCAAGTAGGTGAAGGGAGGGAAGTCTGTCCCTTCATCATTTCTGTACTTTATCTGGGTAGTGGTGATGGTGACTTCCTCTGCTATGAGAGCAGAAACAAGAGCTGTTGGAAACACTTGGCCTCATCTGGGGGTTCTAGGCTAGGTCATACCTTAGGATATAGAGAGAACCAGGTTCCAGCAACAGTTCCAGCCACTGCTCAGGTTCCTGTGTATGAACCAGCTTCATAACACTTGG
Apeh17a;AAAGCCAGTGGAGCCACGATAGTTCACTGCAAGTGAGACAAGATAGTCGGGCAATGTTCTCAGTCCCCAACCCAATTCCATGTGTCTGTGACATAGGCCCTAGGACCAGCTGCATCACGTGCTGTCAAGGGGAGGTAGCCAAGAGAGATGAAGCTGCTACCCTGAGACCACAGCATCCTTTCCACAGAAGCTTCAAGTTAATCCACGTGATCACCAGGTTATGAAGCCAGAGGCTAAGCCAGGGCAATTTCTAGTAGTAGTTTCTTTTTGTTTTCAAAACAGGGTTTTTCTGTGCAGTCCTGGATGATCTTGGACTCAAACCTTCACCTGCCTCTGCCTCCTAAGTGCTGGATTAAAGGAGTGTGCCCCCATTGCCCAGCCCGTTTCTAAAGAGTAAGTACACCATAGAAAAGCA
Cd27a;AGTCTTCCTGGATAGGGATGACGCTGCCCTCCTCCTCCCTGGGGCAGCTGTAAGGACAAAGCTCTTCAGGTACTGCCTGGCTATCTTCATCTGTGCAAAGACAATTAGCCAAGTGTTGGTCAGCAGTGGAGAGAAGAGAGGGGAAGGTGAGGAGAGAGGAGAAGGCCGAGTGGAGGCTGGGGCATGGGGGAGCCAGGGGAGCCTGTGGGAAGGACACTTGAAGAACCAGAGAAGGTGGGTGAAGGTGGGATGGGGGCTTTAGGTGTGGGTGGCAGAGCTGAGAGGGCAGGAGGGAAGGCCTGTGCCTTACTTGGCCTGTGATTTCTTCTTTGACGGAAGAACAAGATCCCACCCAGGACGAAGACAAGAAGCATGCTGG
Cd27b;AGTCTTCCTGGATAGGGATGACGCTGCCCTCCTCCTCCCTGGGGCAGCTGTAAGGACAAAGCTCTTCAGGTACTGCCTGGCTATCTTCATCTGTGCAAAGACAATTAGCCAAGTGTTGGTCAGCAGTGGAGAGAAGAGAGGGGAAGGTGAGGAGAGAGGAGAAGGCCGAGTGGAGGCTGGGGCATGGGGGAGCCAGGGGAGCCTGTGGGAAGGACACTTGAAGAACCAGAGAAGGTGGGTGAAGGTGGGATGGGGGCTTTAGGTGTGGGTGACAGAGCTGAGAGGGCAGGAGGGAAGGCCTGTGCCTTACTTGGCCCGTGATTTCTTCTTTGACGGAAGAACAAGATCCCACCCAGGACGAAGACAAGAAGCATGCTGG
Cd27c;AGTCTTCCTGGATAGGGATGACGCTGCCCTCCTCCTCCCTGGGGCAGCTGTAAGGACAAAGCTCTTCAGGTACTGCCTGGCTATCTTCATCTGTGCAAAGACAATTAGCCAAGTGTTGGTCAGCAGTGGAGAGAAGAGAGGGGAAGGTGAGGAGAGAGGAGAAGGCCGAGTGGAGGCTGGGGCATGGGGGAGCCAGGGGAGCCTGTGGGAAGGACACTTGAAGAACCAGAGAAGGTGGGTGAAGGTGGGATGGGGGCTTTAGGTGCGGGTGGCAGAGCTGAGAGGGCAGGAGGGAAGGCCTGTGCCTTACTTGGCCCGTGATTTCTTCTTTGACGGAAGAACAAGATCCCACCCAGGACGAAGACAAGAAGCATGCTGG
Cd27d;AGTCTTCCTGGATAGGGATGACGCTGCCCTCCTCCTCCCTGGGGCAGCTGTAAGGACAAAGCTCTTCAGGTACTGCCTGGCTATCTTCATCTGTGCAAAGACAATTAGCCAAGTGTTGGTCAGCAGTGGAGAGAAGAGAGGGGAAGGTGAGGAGAGAGGAGAAGGCCGAGTGGAGGCTGGGGCATGGGGGAGCCAGGGGAGCCTGTGGGAAGGACACTTGAAGAACCAGAGAAGGTGGGTGAAGGTGGGATGGGGGCTTTAGGTGTGGGTGGCAGAGCTGAGAGGGCAGGAGGGAAGGCCTGTGCCTTACTTGGCCCGTGATTTCTTCTTTGACGGAAGAACAAGATCCCACCCAGGACGAAGACAAGAAGCATGCTGG
Cd27e;AGTCTTCCTGGATAGGGATGACGCTGCCCTCCTCCTCCCTGGGGCAGCTGTAAGGACAAAGCTCTTCAGGTACTGCCTGGCTATCTTCATCTGTGCAAAGACAATTAGCCAAGTGTTGGTCAGCAGTGGAGAGAAGAGAGGGGAAGGTGAGGAGAGAGGAGAAGGCCGAGTGGAGGCTGGGGCATGGGGGAGCCAGGGGAGCCTGTGGGAAGGACACTTGAAGAACCAGAGAAGGTGGGTGAAGGTGGGATGGGGGCTTTAGGTGTGGGTGGCTGAGCTGAGAGGGCAGGAGGGAAGGCCTGTGCCTTACTTGGCCCGTGATTTCTTCTTTGACGGAAGAACAAGATCCCACCCAGGACGAAGACAAGAAGCATGCTGG
Chrna9a;TGCAGTGTGACATTCAGCACCGCGTCCGTATCCTCGACTGGACGCAGAGCACTGGAGTAGTCTTCAAAAAGATCGCTGAACAATTTCTGAGCATATTTCCCATTTGCTGTCTCTACGGCTGTTCAAAGAGAAGCACCCGGATGGGCATTTCAAAACAAGACCAACTCTGGGGTCAAAATGGGGGATGGCAACTTTGGATGAGTTCTTTTTTGGGGGCAGGGGACTGGTCTTACCTACCTTGATGATCGAGAGTCAGAAAGAGGTGCGAGCACGCCCATGTACTCACGTCAGTCCTCCTGTCTCTCTCACCAAGGCTCTAAGGAGCCTCTATGGAGCACTGCGCTAGCCCCTCACCTCTGATTCCAGAAGCAGCAAAATACATCCAGCAAAAGGAGATGCAGGACTGGG
Chrna9b;TGCAGTGTGACATTCAGCACCGCGTCCGTATCCTCGACTGGACGCAGAGCACTGGAGTAGTCTTCAAAAAGATCGCTGAATAATTTCTGAGCATATTTCCCATTTGCTGTCTCTACGGCTGTTCAAAGAGAAGCACCCGGATGGGCATTTCAAAACAAGACCAACTCTGGGATCAAAATGGGGGATGGCAACTTTGGATGAGTTCTTTTTTGGGGGCAGGGGACTGGTCTTACCTACCTTGATGATCAAGAGTCAGAAAGAGGTGCGAGCACGCCCATGTACTCACGTCAGTCCTCCTGTCTCTCTCACCAAGGCTCTAAGGAGCCTCTATGGAGCACTGCGCTAGCCCCTCACCTCTGATTCCAGAAGCAGCAAAATACATCCAGCAAAAGGAGATGCAGGACTGGG
Dhrs3a;CAACACCCTGGGCCAATTCTGGGTAAGAGTTTTTCTGGCCCAGAGCCAGCCATAGGCAATGCAGGAAGCCTGTGTGAGGTAGAGAGAAAGAGAGGCTCAGTGGGACTGAGGATCATGCTAGCAAGGATGTTCAACAGCAAAATAACTAGATAAAAGAAATGACTGGCAGGGAGACATAGGAACTTCTGACTGGCTAACCTAGTGTTCTGCAGTGGGAGGTCTCAGTGACTGAAGGGTGTCACTAGAGTAACTATGCATCCAGAGTAGGCTGTTCTCCACAGTACAAGGGTACAGGGCTTGGCAGAAGCTGTACCACTCCAAACTGACCCCTGCTATCTACCCTCAGACCACCAAGGCCTTCTTGCCACGTATGCTGGAGCTCCAGAACGGCCATAT
Dhrs3b;CAACACCCTGGGCCAATTCTGGGTAAGAGTTTTTCTGGCCCAGAGCCAGCCATAGGCAATACAGGAAGCCTGTGTGAGGTAGAGAGAAAGAGAGGCTCAGTGGGACTGAGGATCATGCTAGCAAGGATGTTCAACAGCAAAATAACTAGATAAAAGAAATGACTGGCAGGGAGACATAGGAACTTCTGACTGGCTAACCTAGTGTTCTGCAGTGGGAGGTCTCAGTGACTGAAGGGTGTCACTAGAGTAACTATGCATCCAGAGTAGGCTGTTCTCCACAGTACAAGGGTACAGGGCTTGGCAGAAGCTGTACCACTCCAAACTGACCCCTGCTATCTACCCTCAGACCACCAAGGCCTTCTTGCCACGTATGCTGGAGCTCCAGAACGGCCATAT
Dhrs3c;CAACACCCTGGGCCAATTCTGGGTAAGAGTTTTTCTGGCCCAGAGCCAGCCATAGGCAATGCAGGAAGCCTGTGTGAGGTAGAGAGAAAGAGAGGCTCAGTGGGACTGAGGATCATGCTAGCAAGGATGTTCAACAGCAAAATAACTAGATAAAAGAAATGACTGGCAGGGAGACATAGGAACTTCTGACTGACTAACCTAGTGTTCTGCAGTGGGAGGTCTCAGTGACTGAAGGGTGTCACTAGAGTAACTATGCATCCAGAGTAGGCTGTTCTCCACAGTACAAGGGTACAGGGCTTGGCAGAAGCTGTACCACTCCAAACTGACCCCTGCTATCTACCCTCAGACCACCAAGGCCTTCTTGCCACGTATGCTGGAGCTCCAGAACGGCCATAT
Fancg1;TGGCCCTGAAGCAAGTGAGTGGCAGAGGCCCAGATTGGGCAGTATGGCAGTTCTTTGGTTCTTTTGTTGGCATTTCCCCACAAGGAGAGCATCTTGGGAAGCAGAGATGAGGTACGGCTGAGTAGCTCCTCACACACAGTCAAAGCGTCTGAGGCTCGGCCTGCCTGGATCAATGCTGCTGCTGCCTCCAGACACAGCTCCGGCACACAGGGCCCTAGAGCGGAGGTGGGTGGGGACGACTGGGGTGGGAGGAGGGTACAGTGTCTTGATGTGGCATGAGTTACCATCCCTGAGCTCTTTACCCATGGCCCCAGAGCCAAGCAGAGAGAACTGGGTCCCCGTCAAGACCAAGTAAGGGAGCAGGGGTGATCCCAACCCTCCCACCAAAGGGAACCGAACCTCGGACACACACCCACCCTAGGCTCTGAGCCATCCAGCAACACTGCC
Fetub1;TATGATGGGGTTGGAGAAACACCACATCCCACATGAAACACTTCCAGGACAACTAGACCAATAGCATTGTCCTGGGAGAGCCTAAGCTCATGTGTGTGCTACATGGTCTTCTAGACTCCTGAAACCTGGACGTGGTGACAGAGTAGGCTCACTCTTGTCATCACTCTGTGGACAGCAAGAACGACATAGCATACCTGCTGCTGATGGCAGAGTATTTTGTTCTCAGACTGGAAAGTACCTGTTGACCTGTTGACATGTAGTCCTAAGTTGCCAACCCCGGGCTAGTCACTGTAGCCTGTCCAAATGCTGCCACAAAGTCTGTCACTTGCCTGGTGATGAACCCGAGCATCGTGCACTCTGTTGAGGGTCAACATGTAGCCATCCTTTTGGACT
Fetub2;TATGATGGGGTTGGAGAAACACCACATCCCACATGAAACACTTCCAGGACAACTAGACCAATAGCACCGTCCCGGGAGAGCCTAAGCTCATGTGTGTGCTACATGTTCTTCTAGACTCCTGAAACCTGGACGTGGTGACAGAGTAGGCTCACCCTTGTCATCACTCCTGTGGACAGCAAGAACGACATAGCACACCTGCTGCTGATGGCAGAGTATTGTGTTCCCAGACCGGAAAGTACCTATTGACCTGTTGACAAGTAGTCCTAAGTTGCCACCCCTAGGCTAGTCCCTGCAGCCTGTCCAAATGCTGCCCCAAAATCCGTCACTTGCCTGGCGGTGAACCCGAGCATCATGCACTCTGTTGAGGGTCAACATGTAGCCATCCTTTTGGACT
Fn3krpa;AGTCTGGGGACCGGGAAGCTCTTGGACTGTGGTCTGCTCTGCAGGTGAGCAGGGCCTCTGCTACATGCCCAGTGCCAACAGCGTGCCCCCCTGAGCCCTGATAGAGGGGAGGCACCAAGGCCGGGATGGCATCTGAGCTACTTCTGGATAGGAGGCATAGTGTTTGTCCGTGTCCCCATCTGCTCTCTCCAAGTCAGGCACATTTGAGCACCTGCTCAGATATGTGCAACGGCACTTAGGAAAGCGTACGATTGGCCACTTTGTTTAAGGCTCCATCTTCTTCCCTGCAGTTGAAGATTCCTGACCTGTTCCGTGATCTGGAAATTGTGCCCTCCTTACTTCATGGAGACCTCTGGGGAGGGAATGTAGCAGAAGACTCCTCCGGGCCCATCATCTTTGATCC
Fn3krpb;AGTCTGGGGACCGGGAAGCTCTTGGACTGTGGTCTGCTCTGCAGGTGAGCAGGGCCTCTGCTACATGCCCAGTGCCAACAGCGTGCCCCCCTGAGCCCTGATAGAGGGGAGGCACCAAGGCCGGGATGGCATCTGAGCTACTTCTGGATAGGAGGCATAGTGTTTGTCCGTGTCCCCATCTGCTCTCTCCAAGTCAGGCACATTTGAGCACCTGCTCAGATATGTGCAACGGCACTTAGGAAAGCGTACGATTGGCCACTTTGTTTAAGGCTCCATCTTCTTCCCTGCAGTTGAAGATTCCTGACCTGTTCTGTGATCTGGAAATTGTGCCCTCCTTACTTCATGGAGACCTCTGGGGAGGGAATGTAGCAGAAGACTCCTCCGGGCCCATCATCTTTGATCC
Gadd45ga;GCCCCTTAGCCTAGACCTGCCTGGCGCCAGCATTCCTGCCTCCCAACTCCAACCTGGCGCCCACACACCCGGATCCCCAGTCCCGACCTGGCGCCCACACCTCTGGCACCCTCGTCATGATCTGGCGCCCTCATTCCCCATCACCCAGTCTCGACCTGGCGCCTGTAACTCCCGGTTCCCTACTTCTGATCTGGTGCCCGTATCCCAGGCTCCCCAACAACGACCAGGTGCCGGCACCCCAAACTCTAGCTCTAGACACGAATCGAACGTAATAATCCTGGTCCCGCGCCTCGGCACCTCGCAGCCAGACAGTGCATGGCTCCCACCCTGCAAACTTCTATCCTGGAGGACCCTGAGAGATCGCTACCCGACAACTCTCGGTACCCCAAAACCCACCTGGCT
Gadd45gb;GCCCCTTAGCCTAGACCTGCCTGGCGCCAGCATTCCTGCCTCCCAACTCCAACCTGGCGCCCACACACCCGGATCCCCAGTCCCGACCTGGCGCCCACACCTCTGGCACCCTAGTCATGATCTGGCGCCCTCATTCCCCATCACCCAGTCTCGACCTGGCGCCTGTAACTCCCGGTTCCCTACTTCTGATCTGGTGCCCGTATCCCAGGCTCCCCAACAACGACCAGGTGCCGGCACCCCAAACTCTAGGTCTAGACACGAATCGAATGTAATAATCCTGGTCCCGCGCCTCGGCACCTCGCAGCCAGACAGTGCATGGCTCCCACCCTGCAAACTTCTATCCTGGAGGACCCTGAGAGATCGCTACCCGACAACTCTCGGTACCCCAAAACCCACCTGGCT
Il34a;TCACGAGGCTGGTGAGGACCCTTCCTGGGATGGGGAGCTGCGCCCTGCCTCCTATGATGCCCTCAGAAGCATGTGGGTCTTGGCAGGTTGTCCTACTGACCAGGGGCCTTTCCCTAGCCACTCAAGCCAGCCTGCCACTAACCTAGGCCCAAGGTTGTCTGGTGGCCACTGTGGGTGACTGAAGGCTCCCAGGCAGTGGCACCTTCTGTGGGGGTAGGGGAGTGATTGGTGCCCAAAGGCCTATGCTTGCGCTTCACCGATGCCTCCTGTCCCTGCAGCAGAAGGCCCATGTGAGTGAGCGAGAGCTGCGGTACCTGTGGGTCTTGGTGAGTCTCAATGCCACTGAGTCTGTGCTGGATGTGCTGCTGGAGGGACACCCATCCTGGAAGTATCTGCA
Il34b;TCACGAGGCTGGTGAGGACCCTTCCTGGGATGGGGAGCTGCGCCCTGCCTCCTATGATGCCCTCAGAAGCATGTGGGTCTTGGCAGGTTGTCCTACTGACCAGGGGCCTTTCCCTAGCCACTCAAGCCAGCCTGCCACTAACCTAGGCCCAAGGTTGTCTGGTGGCCACTGTGGGTGACTGAAGGCTCCCAGGCAGTGGCACTTTCTGTGGGGGTAGGGGAGTGATTGGTGCCCAAAGGCCTATGCTTGCGCTTCACCGATGCCTCCTGTCCCTGCAGCAGAAGGCCCATGTGAGTGAGCGAGAGCTGCGGTACCTGTGGGTCTTGGTGAGTCTCAATGCCACTGAGTCTGTGCTGGATGTGCTGCTGGAGGGACACCCATCCTGGAAGTATCTGCA
Irf5a;CATTACTGTACAGGTGTGTTCCTAGCCAGCCCTGATGCAGCTTGAATAGGAGACATGGGGCTAGGCTCTTGGCCCAGGGTAGGGGTGGGGCCCTCTGGGCCATGACGACTTGGTTGCTAGGACTGAAGGAGACTGTCTACCATCTGCTTCCGGATGTCTTCATGCCCAGCTGGGTTGAACAGCCCTACCACAGCTCTCCTTGTCTTGTTTCCTCTTTGCTTCCCAGGTGGTACCTGTCGCAGCCCGGTTGCTGCTGGAGATGTTCTCAGGAGAGCTTTCTTGGTCAGCAGACAGCATTCGGCTGCAGATCTCAAACCCGGATCTCAAAGACCACATGGTAGAGCAGTTCAAAGAGCTCCATCACATCTGGCAGTCCCAGCAGCGC
Klc2a;GCTGCGGCTGGCACAGTCTTCCAGTGTGTGTGCAGCTTCCAGCTTGCCCTGGCGCCGGTACAGGGCGCCCAAGCTTCGCAGAGTGGTGTTGACTGTGGGACTGTGGACAGATGTCAGGAAGTCTCAAACTCTTTATCAGGCACAAGACCACATGGGGCTCTAGGGACCAAACAGGCCATGCAGAATCTGGCCTCTCTTATTTGTCTGACCCTGTGGTAAACCCACTGGTTTCTCCCATCCTGAAAAAACCACTCTAGGGCTACAGTGTCCTCCTAGGTCACAATGCTATTTCCTTGGTCCTCATTCTACCCCTCCCCTAGACCTATGAGCCCTCACCTGTCAACTTTACAGGCTTTGTACCAGCTGCCGTACTCCCCATAGGGGGCACTG
Klc2b;GCTGCGGCTGGCACAGTCTTCCAGTGTGTGTGCAGCTTCCAGCTTGCCCTGGCGCCGGTACAGGGCGCCCAAGCTTCGCAGAGTGGTGTTGACTGTGGGACTGTGGACAGATGTCAGGAAGTCTCAAACTCTTTATCAGGCACAAGACCACATGGGGCTCTAGGGACCAAACAGGCCATGCAGAATCTGGCCTCTCTTATTTGTCTGACCCTGTGGTAAACCCACTGGTTTCTCCCATCCTGAAAAAACCACTCTAGGGCTACAGTTTCCTCCTAGGTCACAATGCTATTTCCTTGGTCCTCATTCTACCCCTCCCCTAGACCTATGAGCCCTCACCTGTCAACTTTACAGGCTTTGTACCAGCTGCCGTACTCCCCATAGGGGGCACTG
Mmp9a;CCTGCGGCCCGCTTTGCTGATGCTTCAGAAGCAGCTGTCCCTGCCCCAGACTGGTGAGCTGGACAGCGAGACACTAAAGGCCATTCGTTCACCGCGCTGTGGTGTCCCAGACGTGGGCAAATTCCAAACCTTCGAAGGCGACCTCAAGTGGCACCATCATAACATCACCTATTGGTGAGATGCTGGGCTAGAAGCAGGTGCCCGGGTGGGACTAGAGGTCAGTTTGCACGTCCTCTTGGCTGAGCACAAGGAATCCTTAGCAATACAAGTTCCGAGAGGCTGGAGCCCTGGGTCTTTTGAAGATCGAGAGGATCCATCCGGTGTAGCTGTTGTCCCGCCCCCTTCCATTTGTGATTCCTGCATGCCCCCACCCCCTTCCCCAACGCCGGCTTTTCACTTCCAGGATCCAAAGCTACACC
Mmp9b;CCTGCGGCCCGCTTTGCTGATGCTTCAGAAGCAGCTGTCCCTGCCCCAGACTGGTGAGCTGGACAGCGAGACACTAAAGGCCATTCGTTCACCGCGCTGTGGTGTCCCAGACGTGGGCAAATTCCAAACCTTCGAAGGCGACCTCAAGTGGCACCATCATAACATCACCTATTGGTGAGATGCTGGGCTAGAAGCAGGTGCCCGGGTGGGACTAGAGGTCAGTTTGCACGTCCTCTTGGCTGAGCACAAGGAATCCTTAGCAATACAAGTTCCGAGAGGCTGGAGCCCTGGGTCTTTTGAAGATCGAGAGGATCCATCCAGTGTAGCTGTTGTCCCGCCCCCTTCCATTTGTGATTCCTGCATGCCCCCACCCCCTTCCCCAACGCCGGCTTTTCACTTCCAGGATCCAAAGCTACACC
Mmp9c;CCTGCGGCCCGCTTTGCTGATGCTTCAGAAGCAGCTGTCCCTGCCCCAGACTGGTGAGCTGGACAGCGAGACACTAAAGGCCATTCGTTCACCGCGCTGTGGTGTCCCAGACGTGGGCAAATTCCAAACCTTCGAAGGCGACCTCAAGTGGCACCATCATAACATCACCTATTGGTGAGATGCTGGGCTAGAAGCAGGTGCCCGGGTGGGACTAGAGGTCAGTTTGCACGTCCTCTTGGCTGAGCACAAGGAATACAAGTTCCGAGAGGCTGGAGCCCTGGGTCTTTTGAAGACCGAGAGGATCCAGCCGGTGTAGCTGTTGTCCCGCCCCCTTCCATTTGTGATTCCTGCATGCCCCCACCCCCTTCCCCAACGCCGGCTTTTCACTTCCAGGATCCAAAGCTACACC
Mmp9d;CCTGCGGCCTGCTTTGCTGATGCTTCAGAAGCAGCTGTCCCTGCCCCAGACTGGTGAGCTGGACAGCGAGACACTAAAGGCCATTCGTTCACCGCGCTGTGGTGTCCCAGACGTGGGCAAATTCCAAACCTTCGAAGGCGACCTCAAGTGGCACCATCATAACATCACCTATTGGTGAGATGCTGGGCTAGAAGCAGGTGCCCGGGTGGGACTAGAGGTCAGTTTGCACGTCCTCTTGGCTGAGCACAAGGAATACAAGTTCCGAGAGGCTGGAGCCCTGGGTCTTTTGAAGACCGAGAGGATCCATCCGGTGTAGCTGTTGTCCCGCCCCCTTCCATTTGTGATTCCTGCATGCCCCCACCCCCTTCCCCAACGCCGGCTTTTCACTTCCAGGATCCAAAGCTACACC
Ms4a2a;ACAGCCAAGCAAAAGGCGAAAGTCACAGACTGATACACCCTCCAATCCCGCCCCTTAGAGACACGCCCCCTTTCTCAGGAGCTCAAGAACAGACGTCATGAACTGACACATAAATAGGAAACCAGGAGGTGACTGATTGGAGGAGTTGACTCCAAGCTTAAGAAATGTGGCCAGGAATAGGAGTAAGCCCATCAGCCCCTTAGTACAGAACTCTATTTTATAAGGTGGAGATTCCAAAGGGAGGACTGAGTCTATGGAAAAGGAAGGGTTTTCATACTTAGGACAGGGCCCAGAGAGTTAGTATTTTTACAAGAAACACATACTGTGATGAAAGAAGTCACGAAGCAACCATTGTCTTCGGTTATATCCT
Ms4a2b;ACAGCCAAGCAAAAGGCGAAAGTCACAGACTGATACACCCTCCAATCCCGCCCCTTAGAGACACGCCCCCTTTCTCAGGAGCTCAAGAACAGACTTCATGAACTGACACATAAATAGGAAACCAGGAGGTGACTGATTGGAGGAGTTGACTCCAAGCTTAAGAAATGTGGCCAGGAATAGGAGTAAGCCCATCAGCCCCTTAGTACAGAACTCTATTTTATAAGGTGGAGATTCCAAAGGGAGGACTGAGTCTATGGAAAAGGAAGGGTTTTCATACTTAGGACAGGGCCCAGAGAGTTAGTATTTTTACAAGAAACACATACTGTGATGAAAGAAGTCACGAAGCAACCATTGTCTTCGGTTATATCCT
Ms4a2c;ACAGCCAAGCAAAAGGCGAAAGTCACAGACTGATACACCCTCCAATCCCGCCCCTTAGAGACACGCCCCCTTTCTCAGGAGCTCAAGAACAGACGTCATGAACTGGCACATAAATAGGAAACCAGGAGGTGACTGATTGGAGGAGTTGACTCCAAGCTTAAGAAATGTGGCCAGGAATAGGAGTAAGCCCATCAGCCCCTTAGTACAAAACTCTATTTTATAAGGTGGATATTCCAAAGGGAGGACTGAGTCTATGGAAAAGGAAGGGTTTTCATACTTAGGACAGGGCCCAGAGAGTTAGTATTTTTACAAGAAACACATACTGTGATGAAAGAAGTCACGAAGCAACCATTGTCTTCGGTTATATCCT
Ms4a2d;ACAGCCAAGCAAAAGGCGAAAGTCACAGACTGATACACCCTCCAATCCCGCCCCTTAGAGACACGCCCCCTTTCTCAGGAGCTCAAGAACAGACGTCATGAATTGACACATAAATAGGAAACCAGGAGGTGACTGATTGGAGGAGTTGACTCCAAGCTTAAGAAATGTGGCCAGGAATAGGAGTAAGCCCATCAGCCCCTTAGTACAGAACTCTATTTTATAAGGTGGAGATTCCAAAGGGAGGACTGAGTCTATGGAAAAGGAAGGGTTTTCATACTTAGGACAGGGCCCAGAGAGTTAGTATTTTTACAAGAAACACATACTGTGATGAAAGAAGTCACGAAGCAACCATTGTCTTCGGTTATATCCT
Mycbpap1;GAGACAGAGGCAGAGGCTGCTGTGAAACAGAAGTCAGCTGAGCTGCCAGTCTGGTTGTGGCCCACATCTAGTGACCAGCGTCCTGGTTTCTCAGGACCATAAGGTTTCCAGGTATGTGTGTTTTTTGAGTGCTAGAGCTGGGGAAGTCTAGCACTCCACACCAGGGTCTGTGCTCCCTGAGGCCATGCCCTCTTGGCACTCTAGTGTTCAACAAACTAGCAGATCACACACATGAGAGGAGAGGGGATGGGCTGGAAGGTACTAACTAAACATGGAGGTGCCCCAGTCACTGAGCGGTAAGGAGGATAGGTTCGGGGTACCTTCCCGGTTGTTAAAGTAAAATCTCTGTGTCCTGTGTTGCTTTAAGTCTTGGAAAAAATCCTGCTGGGGCCGCCTTCTCCAGTCATACCAAATGG
Mycbpap2;GAGACAGAGGCAGAGGCTGCTGTGAAACAGAAGTCAGCTGAGCTGCCAGTCTGGTTGTGGCCCACATCTAGTGACCAGCGTCCTGGTTTCTCAGGACCATAAGGTTTCCAGGTATGTGTGTTTTTTGAGTGCTAGAGCTGGGGAAGTCTAGCACTCCACACCAGGGTCTGTGCTCCCTGAGGCCATGCCCTCTTGGCACTCTAGTGTTCAACAAACTAGCAGATCACACACATGAGAGGAGAGGGGATGGGCTGGAAGGTACTAACTAAACATGGAGGTGCCCCAGTCACTGAGCAGTAAGGAGGATAGGTTCGGGGTACCTTCCCGGTTGTTAAAGTAAAATCTCTGTGTCCTGTGTTGCTTTAAGTCTTGGAAAAAATCCTGCTGGGGCCGCCTTCTCCAGTCATACCAAATGG
Nfkbia1;CGTAGGGCAACTGGAACAAGAGAGGGAAAAAGGCACATTAGATTCCTAGAACTTCGCCAAGCCATTGGGATGGTGGGAGAGCTGCTTCTGCAAATAACTTCTATTCCTGGACTCTCTCCTCCTCAGCCTAAACAGAACACAGGCTGTAGGAGTTCCCTTCACCAATTCTCTCCTTTAAAAAGTCTAAGCTATTGCAGGGGGCATAGCTCAATGGTAGAACATGTGCCTACTACCACGTGTTAAAGCCTGGGTTCAATTCCCACAACTCCCTCTTACTGCCCCATTCCGAAACCCAAAAGGGTAAGCTATTAAAGCAAACCAGAGACACGTTCTTGGGATCCTGGCTTTGCAAGCTGAGATTGAGAAGTTGAATAACTCAGGTCCCTATGATACAGAACAGCTCTAGAACAGACCTAGGTGTGGTGAGGGAGAATGGACCACTCTGGCAGTAATGAACACGCACCTCATCTTCCGTGAATTCTGACT
Nfkbia2;CGTAGGGCAACTGGAACAAGAGAGGGAAAAAGGCACATTAGATTCCTAGAACTTCGCCAATTGGGATGGTGGGAGAGCTGCTTCTGCAAATAACTTCTATTCCTGGACTCTCTCCTCCTCAGCCTAAACAGAACACAGGCTGTAGGAGTTCCCTTCACCAATTCTCTCCTTTAAAAAGTCTAAGCTATTGCAGGGGGCATAGCTCAATGGTAGAACATGTGCCTACTACCACGTGTTAAAGCCTGGGTTCAATTCCCACAACTCCCTCTTACTGCCCCATTCCGAAACCCAAAAGGGTAAGCTATTAAAGCAAACCAGAGACACGTTCTTGGGATCCTGGCTTTGCAAGCTGAGATTGAGAAGTTGAATAACTCAGGTCCCTATGATACAGAACAGCTCTAGAACAGACCTAGGTGTGGTGAGGGAGAATGGACCACTCTGGCAGTAATGAACACGCACCTCATCTTCCGTGAATTCTGACT
Nfkbia3;CGTAGGGCAACTGGAACAAGAGAGGGAAAAAGGCACATTAGATTCCTAGAACTTCGCCAAGCCATTGGGATGGTGGGAGAGCTGCTTCTGCAAATAACTTCTATTCCTGGACTCTCTCCTCCTCAGCCTAAACAGAACACAGGCTGTAGGAGTTCCCTTCACCAATTCTCTCCTTTAAAAAGTCTAAGCTATTGCAGGGGGCATAGCTCAATGGTAGAACATGTGCCTACTACCACGTGTTAAAGCCCGGGTTCAATTCCCACAACTCCCTCTTACTGCCCCATTCCGAAACCCAAAAGGGTAAGCTATTAAAGCAAACCAGAGACACGTTCTTGGGATCCTGGCTTTGCAAGCTGAGATTGAGAAGTTGAATAACTCAGGTCCCTATGATACAGAACAGCTCTAGAACAGACCTAGGTGTGGTGAGGGAGAATGGACCACTCTGGCAGTAATGAACACGCACCTCATCTTCCGTGAATTCTGACT
Npr2a;TGGGGCTGAGTGGAAGGTGAGGGGAGACAGGAAGAGGAAATGAGGGAACCATGGTCCCCTGCCTAACAGGGTCAGGGCTTATTTACCACTGATTCCCAGTTGCAGCCATGAGTAAGAGGAAGATCATTGCTCACATTGGTGCTTCTGTAGTTACAGGGTTTTTTGTGAGACAGGTTCTCTCTGTGAAACAGCTGTCCTGGAACTTACTATGTAGACCAGGCTGGCCCCGAACTCACAGAGATCTGACTGCTTCCGCTTCCCCAGTGCTGGGACTAAAGATGTGCGTTACCATGCTGGCCTCTGCATTTAAATTTTTTTTCTTTTTTTCTTTTTTTCGCAGCTGGGGACTGAACCCAGGGCCTTGGGCAAGCGCTCTGCATTTAAATTTTAGAGCTGTCAATTCTCTTGTTTTTTCGTTTTTTCCTAGA
Npr2b;TGGGGCTGAGTGGAAGGTGAGGGGAGACAGGAAGAGGAAATGAGGGAACCATGGTCCCCTGCCTAACAGGGTCAGGGCTTATTTACCACTGATTCCCAGTTGCCATGAGTAAGAGGAAGATCATTGCTCACATTGGTGCTTCTGTAGTTACAGGGTTTTTTGTGAGACAGGTTCTCTCTGTGAAACAGCTGTCCTGGAACTTACTATGTAGACCAGGCTGGCCCCGAACTCACAGAGATCTGACTGCTTCTGCTTCCCCAGTGCTGGGACTAAAGATGTGCGTTACCATGCTGGCCTCTGCATTTAAATTTTTTTTCTTTTTTTCTTTTTTTCACAGCTGGGGACTGAACCCAGGGCCTTGGGCAAGCGCTCTGCATTTAAATTTTAGAGCTGTCAATTCTCTTGTTTTTTCGTTTTTTCCTAGA
Npr2c;TGGGGCTGAGTGGAAGGTGAGGGGAGACAGGAAGAGGAAATGAGGGAACCATGGTCCCCTGCCTAACAGGGTCAGGGCTTATTTACCACTGATTCCCAGTTGCCATGAGTAAGAGGAAGATCATTGCTCACATTGGTGCTTCTGTAGTTACAGGGTTTTTTGTGAGACAGGTTCTCTCTGTGAAACAGCTGTCCTGGAACTTACTATGTAGACCAGGCTGGCCCCGAACTCACAGAGATCTGACTGCTTCTGCTTCCCCAGTGCTGGGACTAAAGATGTGCGTTACCATGCTGGCCTCTGCATTTAAATTTTTTTTCTTTTTTTCTTTTTTTCACAGCTGGGGACTGAACCCAGGGCCTTGGGCAAGCGCTCTGCATTTAAATTTTAGAGCTGTCAATTCTCTTGTTTTTTGTTTTTTCCTAGA
Npr2d;TGGGGCTGAGTGGAAGGTGAGGGGAGACAGGAAGAGGAAATGAGGGAACCATGGTCCCCTGCCTAACAGGGTCAGGGCTTATTTACCACTGATTCCCAGTTGCCATGAGTAAGAGGAAGATCATTGCTCACATTGGTGCTTCTGTAGTTACAGGGTTTTTTGTGAGACAGGTTCTCTCTGTGAAACAGCTGTCCTGGAACTTACTATGTAGACCAGGCTGGCCCCGAACTCACAGAGATCTGACTGCTTCTGCTTCCCCAGTGCTGGGACTAAAGATGTGCGTTACCATGCTGGCCTCTGCATTTAAATTTTTTTTCTTTTTTTCTTTTTTTCACAGCTGGGGACTGAACCCAGGGCCTTGGGCAAGCGCTCTGCATTTAAATTTTAGAGCTGTCAATTCTCTTGTTTTCTTGTTTTTTCCTAGA
P2rx1a;CCCACCCTTCTCCTGGACCCACAGGGGAGGTAACATAATGGAATCCCCTTGGACCTTGGTGGTAATGTGGGATGAGCTTTCTGATTATGTTAATGATGTAATGTTTGACAGAGAGTCATACAAAATAACCCCCAGACACTGACAGTGCCATTGTTGGGCACTAGGCCTCTCCATCCCAACCTCCACTCCCCTGCCAGTGGACACTGGCACTTGTCAGCTAGGCAGAGACATAGATAAATGTGAAAGAAGGAGGCCGAGAGCAGAGGCCTCCTATGGAATAGAAGATTTTGGCCCATGTCTACACTGTGACCCTGGGTGGGATAGGAAAGGGTCCTCCTTAGGACCAACCACAGGGTCTGGGGCCAGCAGCTCTCCCATCCCCCAGAACCCAGAAGGTGGCATATGCCAGGATGACAGTGGC
P2rx1b;CCCACCCTTCTCCTGGACCCACAGGGGAGGTAACATAATGGAATCCCCTTGGACCTTGGTGGTAATGTGGGATGAGCTTTCTGATTATGTTAATGATGTAATGTTTGACAGAGAGTCATACAAAATAACCCCCAGACACTGACAGTGCCATTGTTGGGCACTAGGCCTCTCCATCCCAACCTCCACTCCCCTGCCAGTGGACACTGGCACTTGTCAGCTAGGCAGAGACATAGATAAATGTGAAAGAAGGAGGCCGAGAGCAGAGGCCTCCTATGAATAGAAGATTTTGGCCCATGTCTACACTGTGACCCTGGGTGGGATAGGAAAGGGTCCTCCTTAGGACCAACCACAGGGTCTGGGGCCAGCAGCTCTCCCATCCCCCAGAACCCAGAAGGTGGCATATGCCAGGATGACAGTGGC
Pipoxa;GTCCCGCTCCTCTGGGTCCACACTGTCACCATGGTGATAGCACACCTACCCGTGCCCCCCCCAACCACCATTGGATGAGCTGTAAAGCTGGCCTTCTGGGCATACTAGCTGGTGAGGGGTGGGCTTGGATACAGGATGTGTCCACCCATCATCCCAATCCCCAATCCCAGCACGTGGTGCTAGCTATTGTTAGCACCTAGCCCTTATCTTCAGCCCCGCCCCGCGCCTAAGAGGTTGTGCTGCAAATGGCCAATAGTGAAGCCGACTCCAGGAGGGTGGTGCTACAGAGGGTTAGCATGGATACCAAGGTCTGCATGGGCACTTGGTAGTGCAGTAGCTTTCTTAGCATTTTCTCCTAACCTTCATCAGCCCTGGGTACTCTGAGGCTGG
Ptgs2a;GACACTCAGGTAGACATGATCTACCCTCCCCACGTCCCTGAGCATCTGCGGTTCGCTGTGGGGCAGGAAGTCTTTGGTCTGGTGCCGGGTCTGATGATGTATGCTACCATCTGGCTTCGGGAGCACAACAGAGTGTGTGATATACTCAAACAGGAGCATCCTGAGTGGGATGACGAGCGACTGTTCCAAACCAGCAGGCTCATACTGATAGGTGAGCAAGAGAGAAATGAGTAAGACCACCTCCCTCGCAAAGAGGAAAAACTCATTTCTTGCATTTGCTATGTTTTGACTCCTCGTGAATAAGGAGAGGGAATGTGACCTGGGGACATACTTACCGTTGGTTGTAAGGGAAATAAATTCTCTCTGTTGTGCAACAGGAGAGACGATCAAGATAGTGATCGAAGACTACGTGCAACACCTGA
Rabac1a;AGGCGCTGGCAAAGCTCGCCTACGTTGCGGGGTCGCGAGAAACGTTGCTGGTCCACGAAGGTGCCCCAGGGCCGGATGGTAGCACGGCGCCGCTCCAGCCACTCTCGGCCTGCGCCAGAGGGAATCAGCTTGGGTAGCAGGGTCCTAAAGGACGGGGCAGAGAAGATGAAGGCAGGAATAGGGTACCGGACCCCAGATTCTAGCATACATGGTCCCAAGGTTGACCTTGAACCCTATGGGGGAAGGGTCCTAGGAGGAAGGTAACACAACTGAGTCCCTCCCAGGGGGTGAGGGGCTGAGACGTCTCTGAAGGGGAGAGCTCTATGCTTGCGGGGGCAAGGACTTCTGCGTCTCGGATCTGGGGGTAACACCCTGCTTGCTCACGTGGCGCTCAGCCCTTCCACTTCGGCA
Rabac1b;AGGCGCTGGCAAAGCTCGCCTACGTTGCGGGGTCGCGAGAAACGTTGCTGGTCCACGAAGGTGCCCCAGGGCCGGATGGTAGCACGGCGCCGCTCCAGCCACTCTCGGCCTGCGCCAGAGGGAATCAGCTTGGGTAGCAGGGTCCTAAAGGACGGGGCAGAGAAGATGAAGGCAGGAATAGGGTACCGGACCCCAGATTCTAGCATACATGGTCCCAAGGTTGACCTTGAACCCTATGGGGGAAGGGTCCTAGGAGGAAGGTAACACAACTGAGTCCCTCCCAGGGGGTGAGGGGCTGAGATGTCTCTGAAGGGGAGAGCTCTATGCTTGCGGGGGCAAGGACTTCTGCGTCTCGGATCTGGGGGTAACACCCTGCTTGCTCACGTGGCGCTCAGCCCTTCCACTTCGGCA
RGD735029a;CAGTCCTGACTGCCCGGCTCCCAGGAACACTGGCCTGAGGGAACCAAGACTGGGCCAGGAAGAACCCGCAGCTCGATCCCAGGGCCTTCCTTCAGATAGCTCCCTGAAACCTGGCCTTCTGAACCTACCTGAAGAAGGTACGACCTCACCTAATATCTACAGGTGGGGGAGGGGCTGGCAGATGGCCCTTTGTTACTCACTATACCCAGGTAACCAGTTGTCATTCCTTTGAGGCCTCTTGCTTTCTGGGGTACCTGAGAGTTACTGGACATAGACAGGACAGACAGGGAGACGTCACACCTTCTCTCTGACCATGGGGTGTTGGCCTTTCCCTTGCAGAGCCCGGTGACTTTGGCTTCCTGAATGCTAGCAGGGA
RGD735029b;CAGTCCTGACTGCCCGGCTCCCAGGAACACTGGCCTGAGGGAACCAAGACTGGGCCAGGAAGAACCCGCAGCTCGATCCCAGGGCCTTCCTTCAGATAGCTCCCTGAAACCTGGCCTTCTGAACCTACCTGAAGAAGGTACGACCTCACCTAATATCTACAGGTGGGGGAGGGGCTGGCAGATGGCCCTTTGTTACTCACTATACCCAGGTAACCAGTTGTCATTCCTTTGAGGCCTCTTGCTTTCGGGTACCTGAGAGTTACTGGACATAGACAGGACAGACAGGGAGACGTCACACCTTCTCTCTGACCATGGGGTGTTGGCCTTTCCCTTGCAGAGCCCGGTGACTTTGGCTTCCTGAATGCTAGCAGGGA
RGD735029c;CAGTCCTGACTGCCCGGCTCCCAGGAACACTGGCCTGAGGGAACCAAGACTGGGCCAGGAAGAACCCGCAGCTCGATCCCAGGGCCTTCCTTCAGATAGCTCCCTGAAACCTGGCCTTCTGAACCTACCTGAAGAAGGTACGACCTCACCTAATATCTACAGGTGGGGGAGGGGCTGGCAGATGGCCCTTTGTTACTCACTATACCCAGGTAACCAGTTGTCATTCCTTTGAGGCCTCTTGCTTTCGGGTACCTGAGAGTTACTGGACATAGACAGGACAGACAGGGAGACGTCACACCTTCTCTCTGACCATGGGGTGTTGGCCTTTCCCTTGCAGAGCCCGGTGACTTTGGCTTCCTGAATGCTAGCAGGTA
RGD735029d;CAGTCCTGACTGCCCGGCTCCCAGGAACACTGGCCTGAGGGAACCAAGACTGGGCCAGGAAGAACCCGCAGCTCGATCCCAGGGCCTTCCTTCAGATAGCTCCCTGAAACCTGGCCTTCTGAACCTACCTGAAGAAGGTACGACCTCACCTAATATCTACAGGTGGAGGAGGGGCTGGCAGATGGCCCTTTGTTACTCACTATACCCAGGTAACCAGTTGTCATTCCTTTGAGGCCTCTTGCTTTCTGGGGTACCTGAGAGCTACTGGACATAGACAGGACAGACAGGGAGACGTCACACCTTCTCTCTGACCATGGGGTGTTGGCCTTTCCCTTGCAGAGCCCGGTGACTTTGGCTTCCTGAATGCTAGCAGGGA
Rogdia;CAGCCACCCTCACCCTGCCAGAGATTGCCGCCAGCGGCCTCACGGTCAGTACCTCACACAGCCCCTACCCCAAGAAGAAGTTTGTACTGAGAGGTCCAGCCAGGGCAGATTTTTGGGTTGTGTTCTTGGCCTACATCCTACCCCCCAATATGTTAACCCAGTTTACAATCGGTGGCTTCCAACCTAGCAGCCAGCACATAGTGATTATGGGGAGCCCCTGGCACCCCAGCCTATGGAAAAGCACCTGGGGATAGGACTGGGCTACTCCCCTCCCCTGGACTTCCATTCCATGTAGCAGTGCAGCCTAAAGTTGGAGAGAGCCTAATCCCTCCTGCCTCCTCCAGCGGATGTTTGCCCCCACCCTACCCTCTGACCTGCTGGTCAATGTCTACATCAA
Rogdib;CAGCCACCCTCACCCTGCCAGAGATTGCCGCCAGCGGCCTCACGGTCAGTACCTCACACAGCCCCTACCCCAAGAAGTTTGTACTGAGAGGTCCAGCCAGGGCAGATTTTTGGGTTGTGTTCTTGGCCTACATCCTACCCCCCAATATGTTAACCCAGTTTACAATCGGTGGCTTCCAACCTAGCAGCCAGCACATAGTGATTATGGGGAGCCCCTGGCACCCCAGCCTATGGAAAAGCACCTGGGGATAGGACTGGGCTACTCCCCTCCCCTGGACTTCCATTCCATGTAGCAGTGCAGCCTAAAGTTGGAGAGAGCCTAATCCCTCCTGCCTCCTCCAGCGGATGTTTGCCCCCACCCTACCCTCTGACCTGCTGGTCAATGTCTACATCAA
Rogdic;CAGCCACCCTCACCCTGCCAGAGATTGCCGCCAGCGGCCTCACGGTCAGTACCTCACACAGCCCCTACCCCAAGAAAGAAGTCTGTACTGAGAGATCCAGCCAGGGTAGATTTTTGGGTTGTGTTCTTGGCCTACATCCTACCCCCCAATATGTTAACCCAGTTTACAATCGGTGGCTTCCAACCTAGCAGCCAGCACATAGCGATTATGGGGAGCCCCTGGCACCCCAGCCTATGGAAAGGCACCTGGGGATAGGACTGGGCTACTCCCCTCCCCTGGACTTCCATCCCATGTAGCAGTGCAGCCTAAAGTTGGAGAGAGCCTAATCCCTCCTGCCTCCTCCAGCGGATGTTTGCCCCCACCCTACCCTCTGACCTGCTGGTCAATGTCTACATCAA
Ssfa2a;ACAGGTTAGTAGTCGGTTAGGTTAGTACATTCAGAGCCTTTTCTTCAGTAAAGCAGGCCCTTACCATAGCTTCTTCAGAATCCAGCTCTGTCCGCACTCTGAACTGTGTATAGTGAAGCAGTGTAGGTAAAAAACAAACCAGGCACGTGGAGTTTACTGAGCCATCTCCATGCTGAGGAGTCTGCTTTTCAGAGAGGGGAGAGTGAAGGAGATCAAAGACCTAGTCACTACCTCCCGATTGCCATCTGAGCTTATAAAATTGCAGTACCTTTCCTAGTTCATACTCTTCAAAAATGTGCTGACTAGAGATCATTGAGCCACTACTTTTCCAAAGTTATGCTTGTCACGATCTGACAGGTATGAAGTTGATCAGCTGCAGGGCC
Ssfa2b;ACAGGTTAGTAGTCGGTTAGGTTAGTACATTCAGAGCCTTTTCTTCAGTAAAGCAGGCCCTTAGCATAGCTTCTTCAGAATCCAGCTCTGTCCGCACTCTGAACTGTGTATAGTGAAGCAGTGTAGGTAAAAAACAAACCAGGCACGTGGAGTTTACTGAGCCATCTCCATGCTGAGGAGTCTGCTTTTCAGAGAGGGGAGAGTGAAGGAGATCAAAGACCTAGTCACTACCTCCCGATTGCCATCTGAGCTTATAAAATTGCAGTACCTTTCCTAGTTCATACTCTTCAAAAATGTGCTGACTAGAGATCATTGAGCCACTACTTTTCCAAAGTTATGCTTGTCACGATCTGACAGGTATGAAGTTGATCAGCTGCAGGGCC
Tmem87a1;TTCCTTCTGCAAAAAGAAAGGGAAAACAACCCCCACATAGATTGGTGAACTCTCCTCACACAGCAACAAAAGCAACAACATATTCAGAGATTTAAACTTACTACCTGAATTATGCATCAGATGCTTCCCTACCCTAACCTTTGTAATAAAAAGTTCAAAGCAATTTGTCTCACTTCTACAAGAAACCTGGACATTTAATGTAGAAGTATCACTCAGTTTATCACGGTTCACCGAAAACCTTGTTATTCTCTCTTCATCCTAACTTTTCCAAATGAAGAACTCATGGTTTTTTTGTTTTTTTTTTCCTTTGAAAAAAATACTGAGAGCACTAATCAGAACAGCGAGTTTTCCTTCTGCAAAGCTCACCAAAGCTTTCCTTCAACATCGGTTCCTTCTGCTCA
Tmem87a2;TTCCTTCTGCAAAAAGAAAGGAAAAACAACCCCCACATAGATTGGTGAACTCTCCTCACACAGCAACAAAAGCAACAACATATTCAGAGATTTAAACTTACTACCTGAATTATGCATCAGATGCTTCCCTACCCTAACCTTTGTAATAAAAAGTTCAAAGCAATTTGTCTCACTTCTACAAGAAACCTGGACATTTAATGTAGAAGTATCACTCAGTTTATCACGGTTCACCGAAAACCTTGTTATTCTCTCTTCATCCTAACTTTTCCAAATGAAGAACTCATGGTTTTTTTTGTTTTTTGTTTTCCTTTGAAAAAAATACTGAGAGCACTAATCAGAACAGCGAGTTTTCCTTCTGCAAAGCTCACCAAAGCTTTCCTTCAACATCGGTTCCTTCTGCTCA
Tmem87a3;TTCCTTCTGCAAAAAGAAAGGAAAAACAACCCCCACATAGATTGGTGAACTCTCCTCACACAGCAACAAAAGCAACAACATATTCAGAGATTTAAACTTACTACCTGAATTATGCATCAGATGCTTCCCTACCCTAACCTTTGTAATAAAAAGTTCAAAGCAATTTGTCTCACTTCTACAAGAAACCTGGACATTTAATGTAGAAGTATCACTCAGTTTATCACGGTTCACCGAAAACCTTGTTATTCTCTCTTCATCCTAACTTTTCCAAATGAAGAACTCATGGTTTTTTTGTTTTTTTTTCCTTTGAAAAAAATACTGAGAGCACTAATCAGAACAGCGAGTTTTCCTTCTGCAAAGCTCACCAAAGCTTTCCTTCAACATCGGTTCCTTCTGCTCA
Usp20a;GTATGAGTTTGATGACCAGTACGTCACCGAGGTCCATGAGACCGTGGTACAGAATGTGGAGGCCTACGTGCTCTTCTACAGGTAAGACTGGGGGCCCTGCTACCTGTGTCTCGCATGACCGCAGTCTCTCAGCTCGTTTTCCTGAGCTTTTCTCTGGTGTCCCAGCATGTTAAGGGCTGGCTCTGCATGCACCCTGCTCATGGCATAGCTTGGTGTCCATGCACAAGCTGGCCCCAGCTACTGGCTCATGCCACGCCCTCCCTCCAGGAAGAGCAGTGAGGAGGCCATGCGTGAGCGGCAGCAGGTGGTGTCCCTGGCTGCCATGCAGGAACCCAGCCTGCTCCGCTTCTACGTGTCCCGAGAATGGCTCAACAAGTTCAACACCTTTGCAGAGCCAGGGCCC
Usp20b;GTATGAGTTTGATGACCAGTACGTCACCGAGGTCCATGAGACCGTGGTACAGAATGTGGAGGCCTACGTGCTCTTCTACAGGTAAGACTGGGGGCCCTGCTCCCTGTGTCTCGCATGGCTGCAGTCTCTCAGCTCGTTTTCCTGAGCTTTTCTCTGGTGTCCCAGCATGTTAAGGGCTGGCTCTGCATGCACCCTGCTCATGGCATAGCTTGGTGTCCATGCACAAGCTGGCCCCAGCTACTGGCTCATGCCACGCCCTCCCTCCAGGAAGAGCAGTGAGGAGGCCATGCGTGAGCGGCAGCAGGTGGTGTCCCTGGCTGCCATGCAGGAACCCAGCCTGCTCCGCTTCTACGTGTCCCGAGAATGGCTGAACAAGTTCAACACCTTTGCAGAGCCAGGGCCC
Usp20c;GTATGAGTTTGATGACCAGTACGTCACCGAGGTCCATGAGACCGTGGTACAGAATGTGGAGGCCTACGTGCTCTTCTACAGGTAAGACTGGGGGCCCTGCTACCTGTGTCTCGCATGGCCGCAGTCTCTCAGCTCGTTTTCCTGAGCTTTTCTCTGGTGTCCCAGCATGTTAAGGGCTGGCTCTGCATGCACCCTGCTCATGGCATAGCTTGGTGTCCATGCACAAGCTGGCCCCAGCTACTGGCTCATGCCACGCCCTCCCTCCAGGAAGAGCAGTGAGGAGGCCATGCGTGAGCGGCAGCAGGTGGTGTCCCTGGCTGCCATGCAGGAACCCAGCCTGCTCCGCTTCTACGTGTCCCGAGAATGGCTCAACAAGTTCAACACCTTTGCAGAGCCAGGGCCC